taxon,c
Abelmoschus esculentus,-1
Abies balsamea,3
Abies concolor,-1
Abutilon theophrasti,-1
Acalypha gracilens,-1
Acalypha ostryifolia,-1
Acalypha rhomboidea,0
Acalypha virginica,-1
Acer campestre,-1
Acer ginnala,-1
Acer negundo,0
Acer nigrum,4
Acer pensylvanicum,5
Acer platanoides,-1
Acer pseudoplatanus,-1
Acer rubrum,1
Acer saccharinum,2
Acer saccharum,5
Acer spicatum,5
Achillea filipendulina,-1
Achillea millefolium,1
Achillea ptarmica,-1
Aconitum napellus,-1
Acorus americanus,6
Acorus calamus,-1
Actaea pachypoda,7
Actaea racemosa,-1
Actaea rubra,7
Adenocaulon bicolor,8
Adiantum pedatum,6
Adlumia fungosa,4
Aegilops cylindrica,-1
Aegopodium podagraria,-1
Aesculus glabra,5
Aesculus hippocastanum,-1
Aesculus parviflora,-1
Aethusa cynapium,-1
Agalinis auriculata,10
Agalinis gattingeri,10
Agalinis purpurea,7
Agalinis skinneriana,10
Agalinis tenuifolia,5
Agastache foeniculum,-1
Agastache nepetoides,5
Agastache rugosa,-1
Agastache scrophulariifolia,5
Ageratina altissima,4
Agoseris glauca,9
Agrimonia gryposepala,2
Agrimonia parviflora,4
Agrimonia pubescens,5
Agrimonia rostellata,8
Agrimonia striata,3
Agropyron cristatum,-1
Agrostemma githago,-1
Agrostis canina,-1
Agrostis capillaris,-1
Agrostis gigantea,-1
Agrostis hyemalis,4
Agrostis perennans,5
Agrostis scabra,4
Agrostis stolonifera,-1
Ailanthus altissima,-1
Aira caryophyllea,-1
Ajuga genevensis,-1
Ajuga reptans,-1
Akebia quinata,-1
Alcea rosea,-1
Alchemilla mollis,-1
Aletris farinosa,10
Alisma subcordatum,1
Alisma triviale,1
Alliaria petiolata,-1
Allium burdickii,7
Allium canadense,4
Allium carinatum,-1
Allium cepa,-1
Allium cernuum,5
Allium hollandicum,-1
Allium rotundum,-1
Allium sativum,-1
Allium schoenoprasum var. schoenoprasum,-1
Allium schoenoprasum var. sibiricum,10
Allium stellatum,-1
Allium tricoccum,5
Allium tuberosum,-1
Allium vineale,-1
Alnus glutinosa,-1
Alnus incana,5
Alnus viridis,8
Alopecurus aequalis,4
Alopecurus carolinianus,-1
Alopecurus geniculatus,-1
Alopecurus myosuroides,-1
Alopecurus pratensis,-1
Althaea officinalis,-1
Alyssum alyssoides,-1
Alyssum murale,-1
Amaranthus albus,0
Amaranthus arenicola,-1
Amaranthus blitoides,-1
Amaranthus caudatus,-1
Amaranthus cruentus,-1
Amaranthus hybridus,-1
Amaranthus hypochondriacus,-1
Amaranthus powellii,-1
Amaranthus retroflexus,-1
Amaranthus tricolor,-1
Amaranthus tuberculatus,6
Amaranthus viridis,-1
Ambrosia artemisiifolia,0
Ambrosia psilostachya,-1
Ambrosia trifida,0
Amelanchier arborea,4
Amelanchier bartramiana,8
Amelanchier interior,4
Amelanchier laevis,4
Amelanchier sanguinea,5
Amelanchier spicata,4
Amerorchis rotundifolia,10
Ammannia robusta,6
Ammophila breviligulata,10
Amorpha canescens,8
Amorpha fruticosa,-1
Ampelamus laevis,-1
Ampelopsis aconitifolia,-1
Ampelopsis brevipedunculata,-1
Amphicarpaea bracteata,5
Anagallis arvensis,-1
Anaphalis margaritacea,3
Anchusa azurea,-1
Anchusa officinalis,-1
Andromeda glaucophylla,10
Andropogon gerardii,5
Andropogon virginicus,4
Androsace occidentalis,6
Anemone blanda,-1
Anemone canadensis,4
Anemone cylindrica,6
Anemone multifida,10
Anemone quinquefolia,5
Anemone virginiana,3
Anethum graveolens,-1
Angelica atropurpurea,6
Angelica venenosa,8
Antennaria howellii,2
Antennaria neglecta,3
Antennaria parlinii,2
Antennaria parvifolia,-1
Antennaria rosea,10
Anthemis arvensis,-1
Anthemis cotula,-1
Anthoxanthum hirtum,9
Anthoxanthum odoratum,-1
Anthriscus caucaulis,-1
Anthriscus sylvestris,-1
Anthyllis vulneraria,-1
Anticlea elegans,10
Antirrhinum majus,-1
Apera interrupta,-1
Apera spica-venti,-1
Apios americana,3
Aplectrum hyemale,10
Apocynum androsaemifolium,3
Apocynum cannabinum,3
Aquilegia canadensis,5
Aquilegia vulgaris,-1
Arabidopsis lyrata,7
Arabidopsis thaliana,-1
Arabis caucasica,-1
Arabis procurrens,-1
Arabis pycnocarpa,6
Aralia elata,-1
Aralia hispida,3
Aralia nudicaulis,5
Aralia racemosa,8
Aralia spinosa,-1
Arceuthobium pusillum,10
Arctium lappa,-1
Arctium minus,-1
Arctostaphylos uva-ursi,8
Arenaria serpyllifolia,-1
Arethusa bulbosa,10
Argemone albiflora,-1
Argemone mexicana,-1
Arisaema dracontium,8
Arisaema triphyllum,5
Aristida basiramea,3
Aristida dichotoma,-1
Aristida longespica,6
Aristida necopina,4
Aristida oligantha,-1
Aristida purpurascens,8
Aristida tuberculosa,9
Aristolochia clematitis,-1
Armoracia rusticana,-1
Arnica cordifolia,9
Arnica lonchophylla,10
Arnoglossum atriplicifolium,8
Arnoglossum plantagineum,10
Arnoseris minima,-1
Aronia arbutifolia,8
Aronia prunifolia,5
Arrhenatherum elatius,-1
Artemisia abrotanum,-1
Artemisia absinthium,-1
Artemisia annua,-1
Artemisia biennis,-1
Artemisia campestris,5
Artemisia carruthii,-1
Artemisia frigida,-1
Artemisia ludoviciana,8
Artemisia pontica,-1
Artemisia serrata,6
Artemisia stelleriana,-1
Artemisia vulgaris,-1
Aruncus dioicus,-1
Asarum canadense,5
Asclepias amplexicaulis,8
Asclepias exaltata,6
Asclepias hirtella,10
Asclepias incarnata,6
Asclepias ovalifolia,10
Asclepias purpurascens,9
Asclepias speciosa,-1
Asclepias sullivantii,9
Asclepias syriaca,1
Asclepias tuberosa,5
Asclepias verticillata,1
Asclepias viridiflora,8
Asimina triloba,9
Asparagus officinalis,-1
Asplenium platyneuron,2
Asplenium rhizophyllum,10
Asplenium ruta-muraria,10
Asplenium scolopendrium,10
Asplenium trichomanes,10
Asplenium viride,10
Aster tataricus,-1
Astragalus canadensis,9
Astragalus cicer,-1
Astragalus neglectus,9
Athyrium filix-femina,4
Atocion armeria,-1
Atriplex hortensis,-1
Atriplex patula,-1
Atriplex prostrata,-1
Atriplex rosea,-1
Atropa belladonna,-1
Aureolaria flava,8
Aureolaria pedicularia,7
Aureolaria virginica,10
Aurinia saxatilis,-1
Avena fatua,-1
Avena sativa,-1
Avenella flexuosa,6
Azolla caroliniana,10
Baptisia lactea,9
Baptisia leucophaea,10
Baptisia tinctoria,10
Barbarea orthoceras,10
Barbarea stricta,-1
Barbarea verna,-1
Barbarea vulgaris,-1
Bartonia paniculata,10
Bartonia virginica,7
Bassia scoparia,-1
Beckmannia syzigachne,4
Bellis perennis,-1
Berberis aquifolium,-1
Berberis repens,-1
Berberis thunbergii,-1
Berberis vulgaris,-1
Berteroa incana,-1
Berula erecta,10
Besseya bullii,10
Beta vulgaris,-1
Betula alleghaniensis,7
Betula murrayana,9
Betula nigra,5
Betula papyrifera,2
Betula pendula,-1
Betula populifolia,4
Betula pumila,8
Bidens aristosa,-1
Bidens beckii,10
Bidens cernua,3
Bidens comosa,5
Bidens connata,5
Bidens discoidea,7
Bidens frondosa,1
Bidens polylepis,-1
Bidens trichosperma,7
Bidens vulgata,0
Bistorta vivipara,10
Blephilia ciliata,7
Blephilia hirsuta,8
Boechera canadensis,7
Boechera dentata,9
Boechera grahamii,6
Boechera laevigata,5
Boechera missouriensis,10
Boechera retrofracta,10
Boechera stricta,6
Boehmeria cylindrica,5
Bolboschoenus fluviatilis,6
Bolboschoenus maritimus,-1
Boltonia asteroides,5
Borago officinalis,-1
Bothriochloa laguroides,-1
Botrychium angustisegmentum,7
Botrychium campestre,9
Botrychium matricariifolium,5
Botrychium michiganense,10
Botrychium minganense,7
Botrychium mormo,10
Botrychium neolunaria,7
Botrychium pallidum,10
Botrychium simplex,5
Botrychium spathulatum,10
Botrychium tenebrosum,7
Botrypus virginianus,5
Bouteloua curtipendula,10
Bouteloua dactyloides,-1
Bouteloua gracilis,-1
Brachyelytrum aristosum,7
Brachyelytrum erectum,7
Brachypodium sylvaticum,-1
Brasenia schreberi,6
Brassica juncea,-1
Brassica napus,-1
Brassica nigra,-1
Brassica rapa,-1
Braya humilis,10
Brickellia eupatorioides,8
Briza media,-1
Bromus briziformis,-1
Bromus ciliatus,6
Bromus commutatus,-1
Bromus erectus,-1
Bromus hordeaceus,-1
Bromus inermis,-1
Bromus japonicus,-1
Bromus kalmii,8
Bromus latiglumis,6
Bromus nottowayanus,7
Bromus pubescens,5
Bromus pumpellianus,10
Bromus racemosus,-1
Bromus secalinus,-1
Bromus squarrosus,-1
Bromus sterilis,-1
Bromus tectorum,-1
Buchnera americana,10
Buddleja davidii,-1
Buglossoides arvensis,-1
Bulbostylis capillaris,4
Bunias orientalis,-1
Bupleurum rotundifolium,-1
Butomus umbellatus,-1
Cabomba caroliniana,-1
Cakile edentula,5
Calamagrostis canadensis,3
Calamagrostis epigeios,-1
Calamagrostis stricta,10
Calamovilfa longifolia,10
Calendula officinalis,-1
Calla palustris,10
Callirhoe involucrata,-1
Callistephus chinensis,-1
Callitriche hermaphroditica,9
Callitriche heterophylla,9
Callitriche palustris,6
Callitriche terrestris,-1
Calluna vulgaris,-1
Calopogon tuberosus,9
Caltha natans,10
Caltha palustris,6
Calypso bulbosa,10
Calystegia macounii,-1
Calystegia pubescens,-1
Calystegia sepium,2
Calystegia silvatica,-1
Calystegia spithamaea,8
Camassia scilloides,9
Camelina microcarpa,-1
Camelina sativa,-1
Campanula aparinoides,7
Campanula carpatica,-1
Campanula glomerata,-1
Campanula latifolia,-1
Campanula medium,-1
Campanula persicifolia,-1
Campanula rapunculoides,-1
Campanula rotundifolia,6
Campanula trachelium,-1
Campanulastrum americanum,8
Campsis radicans,-1
Canadanthus modestus,8
Cannabis sativa,-1
Capnoides sempervirens,5
Capsella bursa-pastoris,-1
Caragana arborescens,-1
Cardamine bulbosa,4
Cardamine concatenata,5
Cardamine diphylla,5
Cardamine douglassii,6
Cardamine flexuosa,-1
Cardamine hirsuta,-1
Cardamine impatiens,-1
Cardamine maxima,10
Cardamine parviflora,10
Cardamine pensylvanica,1
Cardamine pratensis,10
Cardiospermum halicacabum,-1
Carduus acanthoides,-1
Carduus crispus,-1
Carduus nutans,-1
Carex acutiformis,-1
Carex adusta,4
Carex aggregata,-1
Carex alata,10
Carex albicans,3
Carex albolutescens,8
Carex albursina,5
Carex alopecoidea,3
Carex amphibola,8
Carex annectens,1
Carex aquatilis,7
Carex arcta,8
Carex arctata,3
Carex argyrantha,6
Carex assiniboinensis,9
Carex atherodes,5
Carex atlantica,7
Carex atratiformis,10
Carex aurea,3
Carex backii,8
Carex bebbii,4
Carex bicknellii,10
Carex billingsii,10
Carex blanda,1
Carex brevior,3
Carex bromoides,6
Carex brunnescens,5
Carex bushii,-1
Carex buxbaumii,10
Carex canescens,8
Carex capillaris,9
Carex careyana,10
Carex castanea,6
Carex cephaloidea,5
Carex cephalophora,3
Carex chordorrhiza,10
Carex communis,2
Carex comosa,5
Carex concinna,10
Carex conjuncta,10
Carex conoidea,9
Carex crawei,10
Carex crawfordii,4
Carex crinita,4
Carex cristatella,3
Carex crus-corvi,10
Carex cryptolepis,8
Carex cumulata,8
Carex davisii,7
Carex debilis,6
Carex decomposita,10
Carex deflexa,5
Carex deweyana,3
Carex diandra,8
Carex digitalis,5
Carex disperma,10
Carex duriuscula,-1
Carex eburnea,7
Carex echinata,6
Carex echinodes,5
Carex emoryi,7
Carex exilis,10
Carex festucacea,8
Carex flacca,-1
Carex flava,4
Carex foenea,3
Carex folliculata,10
Carex formosa,10
Carex frankii,4
Carex garberi,8
Carex gracilescens,5
Carex gracillima,4
Carex granularis,2
Carex gravida,10
Carex grayi,6
Carex grisea,3
Carex gynandra,3
Carex gynocrates,10
Carex haydenii,8
Carex heleonastes,10
Carex hirsutella,3
Carex hirta,-1
Carex hirtifolia,5
Carex hitchcockiana,5
Carex houghtoniana,5
Carex hyalinolepis,4
Carex hystericina,2
Carex inops,7
Carex interior,3
Carex intumescens,3
Carex jamesii,8
Carex lacustris,6
Carex laevivaginata,8
Carex lasiocarpa,8
Carex laxiculmis,8
Carex laxiflora,8
Carex leavenworthii,-1
Carex lenticularis,10
Carex leptalea,5
Carex leptonervia,3
Carex limosa,10
Carex livida,10
Carex longii,6
Carex lucorum,4
Carex lupuliformis,10
Carex lupulina,4
Carex lurida,3
Carex magellanica,8
Carex meadii,8
Carex media,10
Carex merritt-fernaldii,4
Carex mesochorea,-1
Carex michauxiana,10
Carex molesta,2
Carex muehlenbergii,7
Carex muricata,-1
Carex muskingumensis,6
Carex nigra,7
Carex normalis,5
Carex novae-angliae,9
Carex oligocarpa,8
Carex oligosperma,10
Carex ormostachya,5
Carex pallescens,5
Carex pauciflora,10
Carex peckii,3
Carex pedunculata,5
Carex pellita,2
Carex pensylvanica,4
Carex plantaginea,8
Carex platyphylla,10
Carex praegracilis,-1
Carex prairea,10
Carex prasina,10
Carex praticola,10
Carex projecta,3
Carex pseudocyperus,5
Carex radiata,2
Carex retroflexa,1
Carex retrorsa,3
Carex richardsonii,9
Carex rosea,2
Carex rossii,10
Carex rostrata,10
Carex sartwellii,5
Carex scabrata,4
Carex schweinitzii,10
Carex scirpoidea,10
Carex scoparia,4
Carex seorsa,10
Carex siccata,5
Carex sparganioides,5
Carex spicata,-1
Carex sprengelii,5
Carex squarrosa,7
Carex sterilis,10
Carex stipata,1
Carex straminea,10
Carex stricta,4
Carex suberecta,8
Carex swanii,4
Carex sychnocephala,6
Carex sylvatica,-1
Carex tenera,4
Carex tenuiflora,10
Carex tetanica,9
Carex texensis,-1
Carex tincta,4
Carex tonsa,5
Carex tribuloides,3
Carex trichocarpa,8
Carex trisperma,9
Carex tuckermanii,8
Carex typhina,9
Carex umbellata,5
Carex utriculata,5
Carex vaginata,10
Carex vesicaria,7
Carex virescens,8
Carex viridistellata,10
Carex viridula,4
Carex vulpinoidea,1
Carex wiegandii,9
Carex woodii,8
Carpinus caroliniana,6
Carthamus tinctorius,-1
Carum carvi,-1
Carya cordiformis,5
Carya glabra,5
Carya laciniosa,9
Carya ovata,5
Castanea dentata,9
Castanea mollissima,-1
Castilleja coccinea,8
Castilleja septentrionalis,10
Catalpa speciosa,-1
Caulophyllum giganteum,5
Caulophyllum thalictroides,5
Ceanothus americanus,8
Ceanothus herbaceus,9
Ceanothus sanguineus,10
Celastrus orbiculatus,-1
Celastrus scandens,3
Celtis occidentalis,5
Celtis tenuifolia,5
Cenchrus longispinus,0
Cenchrus purpurascens,-1
Centaurea cyanus,-1
Centaurea diffusa,-1
Centaurea jacea,-1
Centaurea macrocephala,-1
Centaurea montana,-1
Centaurea nigra,-1
Centaurea nigrescens,-1
Centaurea solstitialis,-1
Centaurea stoebe,-1
Centaurea virgata,-1
Centaurium erythraea,-1
Centaurium pulchellum,-1
Cephalanthus occidentalis,7
Cerastium arvense,6
Cerastium brachypodum,10
Cerastium fontanum,-1
Cerastium glomeratum,-1
Cerastium nutans,4
Cerastium pumilum,-1
Cerastium semidecandrum,-1
Cerastium tomentosum,-1
Cerastium velutinum,7
Ceratophyllum demersum,1
Ceratophyllum echinatum,10
Cercis canadensis,8
Chaenomeles speciosa,-1
Chaenorhinum minus,-1
Chaerophyllum procumbens,8
Chaiturus marrubiastrum,-1
Chamaecrista fasciculata,2
Chamaecrista nictitans,3
Chamaedaphne calyculata,8
Chamaelirium luteum,-1
Chamaenerion angustifolium,3
Chamaerhodos nuttallii,9
Chasmanthium latifolium,10
Chelidonium majus,-1
Chelone glabra,7
Chelone lyonii,-1
Chelone obliqua,9
Chenopodium album,-1
Chenopodium berlandieri,1
Chenopodium bonus-henricus,-1
Chenopodium capitatum,5
Chenopodium glaucum,-1
Chenopodium murale,-1
Chenopodium polyspermum,-1
Chenopodium pratericola,-1
Chenopodium rubrum,-1
Chenopodium simplex,1
Chenopodium standleyanum,5
Chenopodium urbicum,-1
Chenopodium vulvaria,-1
Chimaphila maculata,8
Chimaphila umbellata,8
Chloris verticillata,-1
Chondrilla juncea,-1
Chorispora tenella,-1
Chrysosplenium americanum,6
Cichorium intybus,-1
Cicuta bulbifera,5
Cicuta maculata,4
Cinna arundinacea,7
Cinna latifolia,5
Circaea alpina,4
Circaea canadensis,2
Cirsium altissimum,5
Cirsium arvense,-1
Cirsium discolor,4
Cirsium flodmanii,-1
Cirsium hillii,8
Cirsium muticum,6
Cirsium palustre,-1
Cirsium pitcheri,10
Cirsium undulatum,-1
Cirsium vulgare,-1
Citrullus lanatus,-1
Cladium mariscoides,10
Claytonia caroliniana,6
Claytonia sibirica,-1
Claytonia virginica,4
Clematis occidentalis,9
Clematis terniflora,-1
Clematis virginiana,4
Clinopodium acinos,-1
Clinopodium arkansanum,10
Clinopodium vulgare,3
Clintonia borealis,5
Coeloglossum viride,8
Coelorachis cylindrica,-1
Coincya monensis,-1
Colchicum autumnale,-1
Coleataenia longifolia,10
Coleataenia rigidula,7
Collinsia parviflora,8
Collinsia verna,10
Collinsonia canadensis,8
Collomia linearis,-1
Colutea arborescens,-1
Comandra umbellata,5
Comarum palustre,7
Commelina communis,-1
Commelina erecta,9
Comptonia peregrina,6
Conioselinum chinense,10
Conium maculatum,-1
Conoclinium coelestinum,-1
Conopholis americana,10
Conringia orientalis,-1
Consolida ajacis,-1
Convallaria majalis,-1
Convolvulus arvensis,-1
Conyza canadensis,0
Coptidium lapponicum,10
Coptis trifolia,5
Corallorhiza maculata,5
Corallorhiza odontorhiza,8
Corallorhiza striata,6
Corallorhiza trifida,6
Coreopsis grandiflora,-1
Coreopsis lanceolata,8
Coreopsis palmata,9
Coreopsis tinctoria,-1
Coreopsis tripteris,7
Coriandrum sativum,-1
Corispermum americanum,3
Corispermum hookeri,6
Corispermum pallasii,3
Corispermum villosum,-1
Cornus alternifolia,5
Cornus amomum,2
Cornus canadensis,6
Cornus drummondii,6
Cornus florida,8
Cornus foemina,1
Cornus mas,-1
Cornus rugosa,6
Cornus sericea,2
Corydalis aurea,5
Corydalis flavula,8
Corydalis solida,-1
Corylus americana,5
Corylus cornuta,5
Corynephorus canescens,-1
Cosmos bipinnatus,-1
Cosmos sulphureus,-1
Cota tinctoria,-1
Cotinus coggygria,-1
Cotoneaster adpressus,-1
Cotoneaster divaricatus,-1
Crataegus brainerdii,4
Crataegus calpodendron,5
Crataegus chrysocarpa,4
Crataegus coccinea,4
Crataegus coccinioides,4
Crataegus coleae,4
Crataegus compacta,4
Crataegus crus-galli,5
Crataegus dodgei,4
Crataegus douglasii,7
Crataegus fluviatilis,4
Crataegus holmesiana,4
Crataegus intricata,4
Crataegus irrasa,6
Crataegus jesupii,4
Crataegus laevigata,-1
Crataegus lucorum,4
Crataegus macrosperma,5
Crataegus magniflora,4
Crataegus margaretta,5
Crataegus mollis,2
Crataegus monogyna,-1
Crataegus phaenopyrum,-1
Crataegus populnea,4
Crataegus pruinosa,6
Crataegus punctata,1
Crataegus schuettei,4
Crataegus submollis,4
Crataegus succulenta,5
Crepis biennis,-1
Crepis capillaris,-1
Crepis tectorum,-1
Crocanthemum bicknellii,10
Crocanthemum canadense,8
Crocosmia × crocosmiiflora,-1
Crotalaria sagittalis,-1
Croton glandulosus,-1
Croton monanthogynus,-1
Crypsis schoenoides,-1
Cryptogramma acrostichoides,10
Cryptogramma stelleri,10
Cryptotaenia canadensis,2
Cucumis melo,-1
Cucumis sativus,-1
Cucurbita foetidissima,-1
Cucurbita maxima,-1
Cucurbita pepo,-1
Cuscuta campestris,10
Cuscuta cephalanthi,6
Cuscuta coryli,8
Cuscuta epithymum,-1
Cuscuta glomerata,10
Cuscuta gronovii,3
Cuscuta indecora,10
Cuscuta pentagona,10
Cuscuta polygonorum,9
Cyclachaena xanthiifolia,-1
Cycloloma atriplicifolium,-1
Cymbalaria muralis,-1
Cynodon dactylon,-1
Cynoglossum boreale,7
Cynoglossum officinale,-1
Cynosurus cristatus,-1
Cynosurus echinatus,-1
Cyperus acuminatus,6
Cyperus bipartitus,3
Cyperus diandrus,5
Cyperus engelmannii,4
Cyperus erythrorhizos,6
Cyperus esculentus,1
Cyperus flavescens,5
Cyperus fuscus,-1
Cyperus houghtonii,5
Cyperus iria,-1
Cyperus lupulinus,2
Cyperus odoratus,3
Cyperus schweinitzii,5
Cyperus squarrosus,5
Cyperus strigosus,3
Cypripedium acaule,5
Cypripedium arietinum,10
Cypripedium candidum,10
Cypripedium parviflorum,5
Cypripedium reginae,9
Cystopteris bulbifera,5
Cystopteris fragilis,4
Cystopteris laurentiana,9
Cystopteris protrusa,5
Cystopteris tenuis,5
Cytisus scoparius,-1
Dactylis glomerata,-1
Dalea leporina,-1
Dalea purpurea,10
Dalibarda repens,10
Danthonia compressa,7
Danthonia intermedia,8
Danthonia spicata,4
Daphne mezereum,-1
Dasiphora fruticosa,8
Dasistoma macrophylla,10
Datura inoxia,-1
Datura stramonium,-1
Daucus carota,-1
Decodon verticillatus,7
Delphinium elatum,-1
Dendrolycopodium dendroideum,5
Dendrolycopodium hickeyi,5
Dendrolycopodium obscurum,5
Dennstaedtia punctilobula,3
Deparia acrostichoides,6
Deschampsia cespitosa,9
Descurainia pinnata,0
Descurainia sophia,-1
Desmanthus illinoensis,-1
Desmodium canadense,3
Desmodium canescens,5
Desmodium ciliare,8
Desmodium cuspidatum,5
Desmodium glabellum,5
Desmodium illinoense,6
Desmodium marilandicum,7
Desmodium obtusum,9
Desmodium paniculatum,4
Desmodium perplexum,5
Desmodium rotundifolium,8
Desmodium sessilifolium,8
Deutzia scabra,-1
Dianthus armeria,-1
Dianthus barbatus,-1
Dianthus carthusianorum,-1
Dianthus deltoides,-1
Dianthus plumarius,-1
Dianthus sylvestris,-1
Diarrhena obovata,9
Dicentra canadensis,7
Dicentra cucullaria,7
Dicentra eximia,-1
Dichanthelium boreale,7
Dichanthelium clandestinum,3
Dichanthelium columbianum,5
Dichanthelium commonsianum,6
Dichanthelium commutatum,9
Dichanthelium depauperatum,4
Dichanthelium dichotomum,7
Dichanthelium implicatum,3
Dichanthelium latifolium,5
Dichanthelium leibergii,10
Dichanthelium lindheimeri,8
Dichanthelium linearifolium,4
Dichanthelium meridionale,7
Dichanthelium microcarpon,10
Dichanthelium oligosanthes,5
Dichanthelium perlongum,10
Dichanthelium polyanthes,10
Dichanthelium praecocius,8
Dichanthelium sphaerocarpon,5
Dichanthelium spretum,9
Dichanthelium xanthophysum,6
Dictamnus albus,-1
Diervilla lonicera,4
Digitalis grandiflora,-1
Digitalis lanata,-1
Digitalis lutea,-1
Digitalis purpurea,-1
Digitaria cognata,3
Digitaria filiformis,10
Digitaria ischaemum,-1
Digitaria sanguinalis,-1
Diodia teres,-1
Dioscorea polystachya,-1
Dioscorea villosa,4
Diospyros virginiana,-1
Diphasiastrum × sabinifolium,10
Diphasiastrum alpinum,10
Diphasiastrum complanatum,5
Diphasiastrum digitatum,3
Diphasiastrum tristachyum,7
Diplachne fusca,-1
Diplotaxis muralis,-1
Diplotaxis tenuifolia,-1
Dipsacus fullonum,-1
Dipsacus laciniatus,-1
Dirca palustris,8
Doellingeria umbellata,5
Draba arabisans,10
Draba cana,10
Draba glabella,10
Draba incana,10
Draba nemorosa,10
Draba reptans,8
Draba verna,-1
Dracocephalum parviflorum,3
Dracocephalum thymiflorum,-1
Drosera anglica,10
Drosera intermedia,8
Drosera linearis,10
Drosera rotundifolia,6
Drymocallis arguta,8
Dryopteris carthusiana,5
Dryopteris celsa,10
Dryopteris clintoniana,8
Dryopteris cristata,6
Dryopteris expansa,9
Dryopteris filix-mas,10
Dryopteris fragrans,10
Dryopteris goldiana,10
Dryopteris intermedia,5
Dryopteris marginalis,5
Dulichium arundinaceum,8
Dysphania ambrosioides,-1
Dysphania aristata,-1
Dysphania botrys,-1
Dysphania pumilio,-1
Dyssodia papposa,-1
Echinacea pallida,-1
Echinacea purpurea,-1
Echinacea purpurea,10
Echinochloa crusgalli,-1
Echinochloa esculenta,-1
Echinochloa muricata,1
Echinochloa walteri,7
Echinocystis lobata,2
Echinodorus tenellus,10
Echinops sphaerocephalus,-1
Echium vulgare,-1
Eclipta prostrata,-1
Eichhornia crassipes,-1
Elaeagnus angustifolia,-1
Elaeagnus umbellata,-1
Elatine minima,10
Eleocharis acicularis,7
Eleocharis atropurpurea,9
Eleocharis compressa,9
Eleocharis elliptica,6
Eleocharis engelmannii,8
Eleocharis equisetoides,9
Eleocharis erythropoda,4
Eleocharis flavescens,7
Eleocharis geniculata,9
Eleocharis intermedia,7
Eleocharis melanocarpa,9
Eleocharis microcarpa,10
Eleocharis nitida,10
Eleocharis obtusa,3
Eleocharis ovata,8
Eleocharis palustris,5
Eleocharis parvula,10
Eleocharis quadrangulata,8
Eleocharis quinqueflora,10
Eleocharis radicans,10
Eleocharis robbinsii,8
Eleocharis rostellata,10
Eleocharis tricostata,10
Eleusine indica,-1
Eleutherococcus sieboldianus,-1
Ellisia nyctelea,-1
Elodea canadensis,1
Elodea nuttallii,5
Elsholtzia ciliata,-1
Elymus canadensis,5
Elymus glaucus,8
Elymus hystrix,5
Elymus lanceolatus,10
Elymus macgregorii,6
Elymus repens,-1
Elymus riparius,8
Elymus trachycaulus,8
Elymus villosus,5
Elymus virginicus,4
Elymus wiegandii,8
Empetrum nigrum,10
Endodeca serpentaria,10
Enemion biternatum,8
Epifagus virginiana,10
Epigaea repens,7
Epilobium brachycarpum,-1
Epilobium ciliatum,3
Epilobium coloratum,3
Epilobium hirsutum,-1
Epilobium leptophyllum,6
Epilobium palustre,10
Epilobium parviflorum,-1
Epilobium strictum,8
Epipactis helleborine,-1
Equisetum arvense,0
Equisetum fluviatile,7
Equisetum hyemale,2
Equisetum laevigatum,2
Equisetum palustre,8
Equisetum pratense,10
Equisetum scirpoides,7
Equisetum sylvaticum,5
Equisetum telmateia,10
Equisetum variegatum,6
Eragrostis capillaris,4
Eragrostis cilianensis,-1
Eragrostis curvula,-1
Eragrostis frankii,4
Eragrostis hypnoides,8
Eragrostis minor,-1
Eragrostis pectinacea,0
Eragrostis pilosa,-1
Eragrostis spectabilis,3
Eragrostis trichodes,-1
Eranthis hyemalis,-1
Erechtites hieraciifolius,2
Erigenia bulbosa,10
Erigeron acris,9
Erigeron annuus,0
Erigeron flagellaris,-1
Erigeron hyssopifolius,10
Erigeron philadelphicus,2
Erigeron pulchellus,5
Erigeron strigosus,4
Eriocaulon aquaticum,9
Eriochloa contracta,-1
Eriophorum angustifolium,10
Eriophorum gracile,10
Eriophorum russeolum,10
Eriophorum tenellum,10
Eriophorum vaginatum,10
Eriophorum virginicum,8
Eriophorum viridicarinatum,8
Erodium cicutarium,-1
Eruca vesicaria,-1
Erucastrum gallicum,-1
Eryngium planum,-1
Eryngium yuccifolium,10
Erysimum capitatum,-1
Erysimum cheiranthoides,-1
Erysimum hieraciifolium,-1
Erysimum inconspicuum,-1
Erysimum repandum,-1
Erythronium albidum,7
Erythronium americanum,5
Eschscholzia californica,-1
Euonymus alatus,-1
Euonymus atropurpureus,8
Euonymus europaeus,-1
Euonymus fortunei,-1
Euonymus hamiltonianus,-1
Euonymus obovatus,5
Eupatorium altissimum,-1
Eupatorium perfoliatum,4
Eupatorium serotinum,-1
Eupatorium sessilifolium,10
Euphorbia commutata,8
Euphorbia corollata,4
Euphorbia cyparissias,-1
Euphorbia davidii,-1
Euphorbia dentata,-1
Euphorbia geyeri,-1
Euphorbia glyptosperma,-1
Euphorbia helioscopia,-1
Euphorbia hirta,-1
Euphorbia maculata,0
Euphorbia marginata,-1
Euphorbia nutans,0
Euphorbia peplus,-1
Euphorbia platyphylla,-1
Euphorbia polygonifolia,10
Euphorbia prostrata,-1
Euphorbia serpens,-1
Euphorbia serpyllifolia,-1
Euphorbia spathulata,-1
Euphorbia vermiculata,-1
Euphorbia virgata,-1
Euphrasia hudsoniana,8
Euphrasia nemorosa,8
Euphrasia stricta,-1
Eurybia furcata,10
Eurybia macrophylla,4
Euthamia caroliniana,10
Euthamia graminifolia,3
Eutrochium fistulosum,8
Eutrochium maculatum,4
Eutrochium purpureum,5
Exochorda racemosa,-1
Fagopyrum esculentum,-1
Fagus grandifolia,6
Fallopia cilinodis,3
Fallopia convolvulus,-1
Fallopia japonica,-1
Fallopia sachalinensis,-1
Fallopia scandens,2
Fatoua villosa,-1
Festuca altaica,9
Festuca filiformis,-1
Festuca myuros,-1
Festuca occidentalis,6
Festuca octoflora,5
Festuca rubra,-1
Festuca saximontana,6
Festuca subverticillata,5
Festuca trachyphylla,-1
Ficaria verna,-1
Ficus carica,-1
Filipendula rubra,10
Filipendula ulmaria,-1
Filipendula vulgaris,-1
Fimbristylis autumnalis,6
Fimbristylis puberula,10
Floerkea proserpinacoides,7
Foeniculum vulgare,-1
Forsythia intermedia,-1
Forsythia suspensa,-1
Fragaria vesca,2
Fragaria virginiana,2
Frangula alnus,-1
Frangula purshiana,-1
Frasera caroliniensis,10
Fraxinus americana,5
Fraxinus nigra,6
Fraxinus pennsylvanica,2
Fraxinus profunda,9
Fraxinus quadrangulata,8
Froelichia floridana,-1
Froelichia gracilis,-1
Fuirena pumila,10
Fumaria officinalis,-1
Gaillardia aristata,-1
Gaillardia pulchella,-1
Galanthus elwesii,-1
Galanthus nivalis,-1
Galearis spectabilis,10
Galega officinalis,-1
Galeopsis ladanum,-1
Galeopsis tetrahit,-1
Galinsoga parviflora,-1
Galinsoga quadriradiata,-1
Galium album,-1
Galium aparine,0
Galium asprellum,5
Galium boreale,3
Galium brevipes,6
Galium circaezans,4
Galium concinnum,5
Galium kamtschaticum,10
Galium labradoricum,8
Galium lanceolatum,4
Galium obtusum,5
Galium odoratum,-1
Galium palustre,3
Galium pedemontanum,-1
Galium pilosum,6
Galium sylvaticum,-1
Galium tinctorium,5
Galium trifidum,6
Galium triflorum,4
Galium verrucosum,-1
Galium verum,-1
Gamochaeta purpurea,0
Gaultheria hispidula,8
Gaultheria procumbens,5
Gaylussacia baccata,7
Gentiana alba,10
Gentiana andrewsii,5
Gentiana linearis,10
Gentiana puberulenta,10
Gentiana rubricaulis,7
Gentiana saponaria,10
Gentianella quinquefolia,9
Gentianopsis crinita,8
Gentianopsis virgata,8
Geocaulon lividum,9
Geranium aequale,-1
Geranium bicknellii,4
Geranium carolinianum,4
Geranium columbinum,-1
Geranium maculatum,4
Geranium molle,-1
Geranium pusillum,-1
Geranium pyrenaicum,-1
Geranium robertianum,3
Geranium sanguineum,-1
Geranium sibiricum,-1
Geum aleppicum,3
Geum canadense,1
Geum fragarioides,6
Geum laciniatum,2
Geum macrophyllum,5
Geum rivale,7
Geum triflorum,8
Geum urbanum,-1
Geum vernum,4
Geum virginianum,6
Gillenia stipulata,-1
Gillenia trifoliata,8
Glandularia canadensis,-1
Glaucium flavum,-1
Glechoma hederacea,-1
Gleditsia triacanthos,8
Glyceria acutiflora,10
Glyceria borealis,6
Glyceria canadensis,8
Glyceria grandis,6
Glyceria melicaria,8
Glyceria septentrionalis,7
Glyceria striata,4
Glycine max,-1
Gnaphalium uliginosum,3
Goodyera oblongifolia,8
Goodyera pubescens,7
Goodyera repens,9
Goodyera tesselata,8
Graphephorum melicoides,10
Gratiola aurea,10
Gratiola neglecta,5
Gratiola virginiana,5
Grindelia ciliata,-1
Grindelia squarrosa,-1
Guizotia abyssinica,-1
Gymnocarpium dryopteris,5
Gymnocarpium jessoense,10
Gymnocarpium robertianum,10
Gymnocladus dioicus,9
Gypsophila elegans,-1
Gypsophila muralis,-1
Gypsophila paniculata,-1
Gypsophila scorzonerifolia,-1
Hackelia deflexa,2
Hackelia virginiana,1
Halenia deflexa,7
Halerpestes cymbalaria,8
Halesia carolina,-1
Hamamelis virginiana,5
Hedeoma hispida,3
Hedeoma pulegioides,4
Hedera helix,-1
Hedysarum alpinum,10
Helenium amarum,-1
Helenium autumnale,5
Helenium flexuosum,-1
Helianthus annuus,-1
Helianthus debilis,-1
Helianthus decapetalus,5
Helianthus divaricatus,5
Helianthus giganteus,5
Helianthus grosseserratus,2
Helianthus hirsutus,10
Helianthus maximiliani,-1
Helianthus microcephalus,10
Helianthus mollis,9
Helianthus occidentalis,8
Helianthus pauciflorus,5
Helianthus petiolaris,-1
Helianthus strumosus,4
Helianthus tuberosus,6
Heliopsis helianthoides,5
Helleborus niger,-1
Helleborus viridis,-1
Hemerocallis fulva,-1
Hemerocallis lilio-asphodelus,-1
Hepatica acutiloba,8
Hepatica americana,6
Heracleum mantegazzianum,-1
Heracleum maximum,3
Heracleum sphondylium,-1
Herniaria glabra,-1
Hesperis matronalis,-1
Hesperostipa comata,-1
Hesperostipa spartea,7
Heteranthera dubia,6
Heterotheca camporum,-1
Heterotheca villosa,-1
Heuchera americana,8
Heuchera richardsonii,8
Hibiscus laevis,7
Hibiscus moscheutos,7
Hibiscus syriacus,-1
Hibiscus trionum,-1
Hieracium aurantiacum,-1
Hieracium caespitosum,-1
Hieracium flagellare,-1
Hieracium gronovii,5
Hieracium kalmii,3
Hieracium lachenalii,-1
Hieracium longipilum,7
Hieracium maculatum,-1
Hieracium murorum,-1
Hieracium paniculatum,10
Hieracium pilosella,-1
Hieracium piloselloides,-1
Hieracium scabrum,3
Hieracium umbellatum,7
Hieracium venosum,6
Hippuris vulgaris,10
Holcus lanatus,-1
Holcus mollis,-1
Holosteum umbellatum,-1
Homalosorus pycnocarpos,10
Hordeum jubatum,-1
Hordeum pusillum,-1
Hordeum vulgare,-1
Hosta ventricosa,-1
Houstonia caerulea,4
Houstonia canadensis,10
Houstonia longifolia,6
Houstonia purpurea,-1
Hudsonia tomentosa,10
Humulus japonicus,-1
Humulus lupulus,3
Huperzia appressa,10
Huperzia lucidula,5
Huperzia selago,10
Hybanthus concolor,9
Hydrastis canadensis,10
Hydrocharis morsus-ranae,-1
Hydrocotyle americana,6
Hydrocotyle ranunculoides,-1
Hydrocotyle umbellata,10
Hydrophyllum appendiculatum,7
Hydrophyllum canadense,7
Hydrophyllum virginianum,4
Hylodesmum glutinosum,5
Hylodesmum nudiflorum,7
Hylotelephium erythrostictum,-1
Hylotelephium telephium,-1
Hyoscyamus niger,-1
Hypericum adpressum,10
Hypericum ascyron,8
Hypericum boreale,5
Hypericum canadense,6
Hypericum ellipticum,9
Hypericum gentianoides,6
Hypericum kalmianum,10
Hypericum majus,4
Hypericum mutilum,5
Hypericum perforatum,-1
Hypericum prolificum,5
Hypericum punctatum,4
Hypericum sphaerocarpum,8
Hypericum swinkianum,10
Hypochaeris radicata,-1
Hypopitys monotropa,6
Hypoxis hirsuta,10
Hyssopus officinalis,-1
Iberis amara,-1
Iberis sempervirens,-1
Iberis umbellata,-1
Ilex mucronata,7
Ilex opaca,-1
Ilex verticillata,5
Impatiens balsamina,-1
Impatiens capensis,2
Impatiens glandulifera,-1
Impatiens pallida,6
Impatiens walleriana,-1
Inula helenium,-1
Inula racemosa,-1
Ipomoea × multifida,-1
Ipomoea hederacea,-1
Ipomoea pandurata,7
Ipomoea purpurea,-1
Ipomopsis rubra,-1
Iris × vinicolor,-1
Iris domestica,-1
Iris germanica,-1
Iris lacustris,9
Iris pseudacorus,-1
Iris pumila,-1
Iris sibirica,-1
Iris versicolor,5
Iris virginica,5
Isoetes echinospora,9
Isoetes engelmannii,10
Isoetes lacustris,9
Isotrema macrophyllum,-1
Isotrema tomentosum,-1
Isotria medeoloides,9
Isotria verticillata,10
Iva annua,-1
Jacobaea vulgaris,-1
Jasione montana,-1
Jeffersonia diphylla,9
Juglans cinerea,5
Juglans nigra,5
Juncus acuminatus,8
Juncus alpinoarticulatus,5
Juncus anthelatus,3
Juncus articulatus,3
Juncus balticus,4
Juncus biflorus,8
Juncus brachycarpus,9
Juncus brachycephalus,7
Juncus brevicaudatus,8
Juncus bufonius,2
Juncus canadensis,6
Juncus compressus,-1
Juncus dichotomus,3
Juncus dudleyi,1
Juncus effusus,3
Juncus ensifolius,-1
Juncus filiformis,10
Juncus gerardii,-1
Juncus greenei,7
Juncus inflexus,-1
Juncus marginatus,8
Juncus militaris,10
Juncus nodosus,5
Juncus pelocarpus,8
Juncus pylaei,3
Juncus ranarius,-1
Juncus scirpoides,9
Juncus stygius,10
Juncus tenuis,1
Juncus torreyi,4
Juncus validus,-1
Juncus vaseyi,10
Juniperus communis,4
Juniperus horizontalis,10
Juniperus virginiana,3
Justicia americana,9
Kalmia angustifolia,7
Kalmia polifolia,10
Kalopanax septemlobus,-1
Kerria japonica,-1
Kickxia elatine,-1
Knautia arvensis,-1
Koeleria macrantha,9
Koelreuteria paniculata,-1
Kolkwitzia amabilis,-1
Krigia biflora,5
Krigia virginica,4
Kummerowia stipulacea,-1
Lactuca biennis,2
Lactuca canadensis,2
Lactuca floridana,4
Lactuca hirsuta,7
Lactuca saligna,-1
Lactuca serriola,-1
Lamiastrum galeobdolon,-1
Lamium album,-1
Lamium amplexicaule,-1
Lamium maculatum,-1
Lamium purpureum,-1
Lamprocapnos spectabilis,-1
Laportea canadensis,4
Lappula squarrosa,-1
Lapsana communis,-1
Larix decidua,-1
Larix laricina,5
Lathyrus hirsutus,-1
Lathyrus japonicus,10
Lathyrus latifolius,-1
Lathyrus ochroleucus,8
Lathyrus odoratus,-1
Lathyrus palustris,7
Lathyrus pratensis,-1
Lathyrus sylvestris,-1
Lathyrus tuberosus,-1
Lathyrus venosus,8
Lechea intermedia,6
Lechea minor,9
Lechea mucronata,5
Lechea pulchella,9
Lechea stricta,10
Leersia oryzoides,3
Leersia virginica,5
Lemna minor,5
Lemna trisulca,6
Lemna turionifera,5
Lemna valdiviana,8
Leontodon saxatilis,-1
Leonurus cardiaca,-1
Lepidium appelianum,-1
Lepidium campestre,-1
Lepidium densiflorum,-1
Lepidium draba,-1
Lepidium montanum,-1
Lepidium perfoliatum,-1
Lepidium ruderale,-1
Lepidium sativum,-1
Lepidium virginicum,0
Lespedeza bicolor,-1
Lespedeza capitata,5
Lespedeza cuneata,-1
Lespedeza frutescens,5
Lespedeza hirta,7
Lespedeza procumbens,10
Lespedeza thunbergii,-1
Lespedeza violacea,7
Lespedeza virginica,7
Leucanthemella serotina,-1
Leucanthemum × superbum,-1
Leucanthemum vulgare,-1
Leucophysalis grandiflora,5
Leucospora multifida,8
Levisticum officinale,-1
Leymus arenarius,-1
Leymus mollis,10
Leymus racemosus,-1
Liatris aspera,4
Liatris cylindracea,5
Liatris punctata,10
Liatris pycnostachya,-1
Liatris scariosa,5
Liatris spicata,8
Liatris squarrosa,10
Ligustrum obtusifolium,-1
Ligustrum ovalifolium,-1
Ligustrum vulgare,-1
Lilium lancifolium,-1
Lilium martagon,-1
Lilium michiganense,5
Lilium philadelphicum,7
Limonium platyphyllum,-1
Linaria dalmatica,-1
Linaria spartea,-1
Linaria vulgaris,-1
Lindera benzoin,7
Lindernia dubia,4
Linnaea borealis,6
Linum catharticum,-1
Linum medium,7
Linum perenne,-1
Linum striatum,10
Linum sulcatum,8
Linum usitatissimum,-1
Linum virginianum,9
Liparis liliifolia,8
Liparis loeselii,5
Lipocarpha micrantha,7
Liquidambar styraciflua,-1
Liriodendron tulipifera,9
Lithospermum canescens,10
Lithospermum caroliniense,10
Lithospermum incisum,10
Lithospermum latifolium,10
Lithospermum molle,6
Lithospermum officinale,-1
Littorella uniflora,10
Lobelia cardinalis,7
Lobelia dortmanna,10
Lobelia erinus,-1
Lobelia inflata,0
Lobelia kalmii,10
Lobelia siphilitica,4
Lobelia spicata,4
Lobularia maritima,-1
Logfia arvensis,-1
Lolium arundinaceum,-1
Lolium giganteum,-1
Lolium perenne,-1
Lolium pratense,-1
Lolium temulentum,-1
Lonicera × bella,-1
Lonicera canadensis,5
Lonicera caprifolium,-1
Lonicera dioica,5
Lonicera hirsuta,6
Lonicera involucrata,10
Lonicera japonica,-1
Lonicera maackii,-1
Lonicera morrowii,-1
Lonicera oblongifolia,8
Lonicera reticulata,-1
Lonicera sempervirens,-1
Lonicera tatarica,-1
Lonicera villosa,8
Lonicera xylosteum,-1
Lotus corniculatus,-1
Ludwigia alternifolia,6
Ludwigia palustris,4
Ludwigia peploides,-1
Ludwigia polycarpa,6
Ludwigia sphaerocarpa,10
Lunaria annua,-1
Lupinus perennis,7
Lupinus polycarpus,-1
Lupinus polyphyllus,-1
Luzula acuminata,5
Luzula luzuloides,-1
Luzula multiflora,5
Luzula pallidula,-1
Luzula parviflora,10
Lycium barbarum,-1
Lycium chinense,-1
Lycopodiella inundata,7
Lycopodiella margueritae,7
Lycopodiella subappressa,8
Lycopodium clavatum,4
Lycopodium lagopus,5
Lycopus americanus,2
Lycopus asper,-1
Lycopus europaeus,-1
Lycopus rubellus,8
Lycopus uniflorus,2
Lycopus virginicus,8
Lygodium palmatum,8
Lysimachia ciliata,4
Lysimachia clethroides,-1
Lysimachia hybrida,10
Lysimachia lanceolata,9
Lysimachia nummularia,-1
Lysimachia punctata,-1
Lysimachia quadriflora,10
Lysimachia quadrifolia,8
Lysimachia terrestris,6
Lysimachia thyrsiflora,6
Lysimachia vulgaris,-1
Lythrum alatum,9
Lythrum hyssopifolia,-1
Lythrum salicaria,-1
Macleaya cordata,-1
Maclura pomifera,-1
Madia glomerata,-1
Magnolia acuminata,-1
Maianthemum canadense,4
Maianthemum racemosum,5
Maianthemum stellatum,5
Maianthemum trifolium,10
Malaxis monophyllos,10
Malaxis unifolia,8
Malus baccata,-1
Malus coronaria,4
Malus ioensis,4
Malus prunifolia,-1
Malus pumila,-1
Malus sieboldii,-1
Malva alcea,-1
Malva moschata,-1
Malva neglecta,-1
Malva pusilla,-1
Malva sylvestris,-1
Malva verticillata,-1
Marrubium vulgare,-1
Marsilea quadrifolia,-1
Matricaria chamomilla,-1
Matricaria discoidea,-1
Matteuccia struthiopteris,3
Mazus miquelii,-1
Medeola virginiana,10
Medicago lupulina,-1
Medicago minima,-1
Medicago polymorpha,-1
Medicago sativa,-1
Melampyrum lineare,6
Melica smithii,7
Melilotus albus,-1
Melilotus altissimus,-1
Melilotus officinalis,-1
Melissa officinalis,-1
Menispermum canadense,5
Mentha × gracilis,-1
Mentha × piperita,-1
Mentha × villosa,-1
Mentha aquatica,-1
Mentha canadensis,3
Mentha spicata,-1
Mentha suaveolens,-1
Menyanthes trifoliata,8
Mertensia paniculata,8
Mertensia virginica,10
Micranthes pensylvanica,10
Micranthes virginiensis,10
Microstegium vimineum,-1
Microthlaspi perfoliatum,-1
Mikania scandens,6
Milium effusum,8
Mimosa quadrivalvis,-1
Mimulus alatus,9
Mimulus glabratus,10
Mimulus guttatus,8
Mimulus michiganensis,10
Mimulus moschatus,10
Mimulus ringens,5
Minuartia dawsonensis,10
Minuartia michauxii,10
Mirabilis albida,-1
Mirabilis linearis,-1
Mirabilis nyctaginea,-1
Miscanthus sacchariflorus,-1
Miscanthus sinensis,-1
Misopates orontium,-1
Mitchella repens,5
Mitella diphylla,8
Mitella nuda,8
Moehringia lateriflora,5
Moehringia macrophylla,10
Molinia caerulea,-1
Mollugo verticillata,-1
Monarda clinopodia,6
Monarda didyma,9
Monarda fistulosa,2
Monarda punctata,4
Moneses uniflora,8
Monotropa uniflora,5
Morus alba,-1
Morus rubra,9
Muhlenbergia asperifolia,-1
Muhlenbergia cuspidata,10
Muhlenbergia frondosa,3
Muhlenbergia glomerata,10
Muhlenbergia mexicana,3
Muhlenbergia racemosa,-1
Muhlenbergia richardsonis,10
Muhlenbergia schreberi,0
Muhlenbergia sylvatica,8
Muhlenbergia tenuiflora,8
Muhlenbergia uniflora,8
Mulgedium pulchellum,10
Muscari botryoides,-1
Muscari neglectum,-1
Mycelis muralis,-1
Myosotis arvensis,-1
Myosotis discolor,-1
Myosotis laxa,6
Myosotis scorpioides,-1
Myosotis stricta,-1
Myosotis sylvatica,-1
Myosotis verna,6
Myosoton aquaticum,-1
Myosurus minimus,-1
Myrica gale,6
Myrica pensylvanica,-1
Myrica pensylvanica,8
Myriophyllum alterniflorum,10
Myriophyllum aquaticum,-1
Myriophyllum farwellii,10
Myriophyllum heterophyllum,6
Myriophyllum sibiricum,10
Myriophyllum spicatum,-1
Myriophyllum tenellum,10
Myriophyllum verticillatum,6
Myrrhis odorata,-1
Najas flexilis,5
Najas gracillima,8
Najas guadalupensis,7
Najas marina,-1
Najas minor,-1
Napaea dioica,-1
Narcissus poeticus,-1
Narcissus pseudonarcissus,-1
Nardus stricta,-1
Nasturtium microphyllum,-1
Nasturtium officinale,4
Nelumbo lutea,8
Neottia auriculata,9
Neottia convallarioides,10
Neottia cordata,10
Nepeta cataria,-1
Neslia paniculata,-1
Nicandra physalodes,-1
Nicotiana alata,-1
Nicotiana rustica,-1
Nicotiana tabacum,-1
Nigella damascena,-1
Nuphar advena,8
Nuphar microphylla,10
Nuphar variegata,7
Nuttallanthus canadensis,8
Nymphaea leibergii,10
Nymphaea odorata,6
Nymphoides peltata,-1
Nyssa sylvatica,9
Oclemena nemoralis,10
Odontites vernus,-1
Oenothera biennis,2
Oenothera clelandii,7
Oenothera filiformis,-1
Oenothera fruticosa,7
Oenothera gaura,2
Oenothera glazioviana,-1
Oenothera laciniata,3
Oenothera nuttallii,-1
Oenothera oakesiana,7
Oenothera parviflora,2
Oenothera perennis,5
Oenothera pilosella,-1
Oenothera rhombipetala,-1
Oenothera serrulata,-1
Oenothera suffrutescens,-1
Oenothera villosa,4
Omalotheca sylvatica,5
Onoclea sensibilis,2
Onopordum acanthium,-1
Ophioglossum pusillum,6
Ophioglossum vulgatum,10
Oplopanax horridus,9
Opuntia cespitosa,7
Opuntia fragilis,10
Orbexilum pedunculatum,-1
Origanum vulgare,-1
Ornithogalum nutans,-1
Ornithogalum umbellatum,-1
Orobanche fasciculata,10
Orobanche uniflora,8
Orthilia secunda,7
Oryzopsis asperifolia,6
Osmorhiza berteroi,5
Osmorhiza claytonii,4
Osmorhiza depauperata,9
Osmorhiza longistylis,3
Osmunda claytoniana,6
Osmunda regalis,5
Osmundastrum cinnamomeum,5
Ostrya virginiana,5
Oxalis acetosella,7
Oxalis corniculata,-1
Oxalis dillenii,-1
Oxalis stricta,0
Oxalis violacea,10
Oxypolis rigidior,6
Pachysandra terminalis,-1
Packera aurea,5
Packera glabella,-1
Packera indecora,10
Packera insulae-regalis,10
Packera obovata,10
Packera paupercula,3
Panax quinquefolius,10
Panax trifolius,8
Panicum capillare,0
Panicum dichotomiflorum,0
Panicum flexile,8
Panicum gattingeri,4
Panicum miliaceum,-1
Panicum philadelphicum,8
Panicum tuckermanii,8
Panicum verrucosum,10
Panicum virgatum,4
Papaver intermedium,-1
Papaver orientale,-1
Papaver rhoeas,-1
Papaver somniferum,-1
Parietaria judaica,-1
Parietaria pensylvanica,2
Parnassia glauca,8
Parnassia palustris,10
Parnassia parviflora,10
Paronychia canadensis,8
Paronychia fastigiata,8
Parthenium hysterophorus,-1
Parthenium integrifolium,-1
Parthenocissus inserta,4
Parthenocissus quinquefolia,5
Pascopyrum smithii,-1
Paspalum laeve,-1
Paspalum setaceum,4
Pastinaca sativa,-1
Patis racemosa,8
Pedicularis canadensis,10
Pedicularis lanceolata,8
Pellaea atropurpurea,10
Pellaea glabella,10
Peltandra virginica,6
Penstemon calycosus,2
Penstemon digitalis,2
Penstemon gracilis,10
Penstemon grandiflorus,-1
Penstemon hirsutus,5
Penstemon pallidus,5
Penthorum sedoides,3
Perilla frutescens,-1
Peritoma serrulata,-1
Persicaria amphibia,6
Persicaria arifolia,7
Persicaria careyi,9
Persicaria hydropiper,1
Persicaria hydropiperoides,5
Persicaria lapathifolia,0
Persicaria longiseta,-1
Persicaria maculosa,-1
Persicaria orientalis,-1
Persicaria pensylvanica,0
Persicaria punctata,5
Persicaria robustior,8
Persicaria sagittata,5
Persicaria virginiana,4
Petasites frigidus,10
Petasites hybridus,-1
Petasites sagittatus,10
Petrorhagia prolifera,-1
Petrorhagia saxifraga,-1
Petroselinum crispum,-1
Petunia × atkinsiana,-1
Phacelia franklinii,8
Phacelia purshii,5
Phacelia tanacetifolia,-1
Phalaris arundinacea,0
Phalaris canariensis,-1
Phaseolus polystachios,10
Phaseolus vulgaris,-1
Phedimus spurius,-1
Phegopteris connectilis,5
Phegopteris hexagonoptera,8
Phellodendron amurense,-1
Philadelphus × virginalis,-1
Philadelphus coronarius,-1
Philadelphus inodorus,-1
Philadelphus pubescens,-1
Phleum alpinum,10
Phleum pratense,-1
Phlox bifida,10
Phlox divaricata,5
Phlox drummondii,-1
Phlox maculata,10
Phlox nivalis,-1
Phlox ovata,8
Phlox paniculata,-1
Phlox pilosa,7
Phlox subulata,-1
Phragmites australis subsp. americanus,5
Phragmites australis supsp. australis,-1
Phryma leptostachya,4
Phyla lanceolata,6
Phyllostachys aureosulcata,-1
Phyllostachys nigra,-1
Physalis alkekengi,-1
Physalis grisea,-1
Physalis heterophylla,3
Physalis longifolia,1
Physalis philadelphica,-1
Physalis virginiana,4
Physocarpus opulifolius,4
Physostegia virginiana,8
Phytolacca americana,2
Picea abies,-1
Picea glauca,3
Picea mariana,6
Picea pungens,-1
Picris hieracioides,-1
Pilea fontana,5
Pilea pumila,5
Pimpinella anisum,-1
Pimpinella saxifraga,-1
Pinguicula vulgaris,10
Pinus banksiana,5
Pinus nigra,-1
Pinus ponderosa,-1
Pinus resinosa,6
Pinus rigida,-1
Pinus strobus,3
Pinus sylvestris,-1
Piptatheropsis canadensis,9
Piptatheropsis pungens,9
Piptochaetium avenaceum,10
Pistia stratiotes,-1
Pisum sativum,-1
Plagiobothrys figuratus,-1
Plantago arenaria,-1
Plantago aristata,-1
Plantago cordata,10
Plantago lanceolata,-1
Plantago major,-1
Plantago media,-1
Plantago patagonica,-1
Plantago rugelii,0
Plantago virginica,-1
Platanthera aquilonis,5
Platanthera blephariglottis,10
Platanthera ciliaris,10
Platanthera clavellata,6
Platanthera dilatata,10
Platanthera flava,10
Platanthera hookeri,8
Platanthera huronensis,5
Platanthera lacera,6
Platanthera leucophaea,10
Platanthera macrophylla,10
Platanthera obtusata,10
Platanthera orbiculata,10
Platanthera psycodes,7
Platanthera unalascensis,8
Platanus occidentalis,7
Pleioblastus viridistriatus,-1
Pluchea odorata,-1
Poa alpina,10
Poa alsodes,9
Poa annua,-1
Poa arida,-1
Poa autumnalis,10
Poa bulbosa,-1
Poa compressa,-1
Poa glauca,10
Poa interior,10
Poa languida,6
Poa nemoralis,-1
Poa paludigena,10
Poa palustris,3
Poa pratensis,-1
Poa saltuensis,5
Poa secunda,10
Poa sylvestris,8
Poa trivialis,-1
Podophyllum peltatum,3
Pogonia ophioglossoides,10
Polanisia dodecandra,5
Polemonium caeruleum,-1
Polemonium reptans,10
Polygala cruciata,9
Polygala incarnata,10
Polygala paucifolia,7
Polygala polygama,9
Polygala sanguinea,4
Polygala senega,8
Polygala verticillata,5
Polygala vulgaris,-1
Polygonatum biflorum,4
Polygonatum pubescens,5
Polygonum achoreum,0
Polygonum articulatum,8
Polygonum aviculare,-1
Polygonum douglasii,5
Polygonum erectum,0
Polygonum ramosissimum,7
Polygonum tenue,7
Polymnia canadensis,6
Polypodium virginianum,8
Polypogon monspeliensis,-1
Polystichum acrostichoides,6
Polystichum braunii,8
Polystichum lonchitis,10
Polytaenia nuttallii,10
Pontederia cordata,8
Populus alba,-1
Populus balsamifera,2
Populus deltoides,1
Populus grandidentata,4
Populus heterophylla,10
Populus nigra,-1
Populus tremuloides,1
Portulaca grandiflora,-1
Portulaca oleracea,0
Potamogeton alpinus,10
Potamogeton amplifolius,6
Potamogeton berchtoldii,4
Potamogeton bicupulatus,10
Potamogeton confervoides,10
Potamogeton crispus,-1
Potamogeton epihydrus,8
Potamogeton foliosus,4
Potamogeton friesii,6
Potamogeton gramineus,5
Potamogeton hillii,9
Potamogeton illinoensis,5
Potamogeton natans,5
Potamogeton nodosus,6
Potamogeton oakesianus,10
Potamogeton obtusifolius,10
Potamogeton perfoliatus,6
Potamogeton praelongus,8
Potamogeton pulcher,10
Potamogeton pusillus,4
Potamogeton richardsonii,5
Potamogeton robbinsii,10
Potamogeton spirillus,8
Potamogeton strictifolius,6
Potamogeton vaseyi,10
Potamogeton zosteriformis,5
Potentilla anserina,5
Potentilla argentea,-1
Potentilla bipinnatifida,-1
Potentilla canadensis,2
Potentilla gracilis,-1
Potentilla hippiana,-1
Potentilla inclinata,-1
Potentilla indica,-1
Potentilla intermedia,-1
Potentilla litoralis,9
Potentilla norvegica,0
Potentilla recta,-1
Potentilla simplex,2
Potentilla supina,9
Potentilla verna,-1
Poterium sanguisorba,-1
Prenanthes alba,5
Prenanthes altissima,5
Prenanthes crepidinea,6
Prenanthes racemosa,8
Primula meadia,10
Primula mistassinica,10
Primula veris,-1
Proboscidea louisiana,-1
Prosartes hookeri,10
Prosartes maculata,10
Prosartes trachycarpa,10
Proserpinaca palustris,6
Proserpinaca pectinata,9
Prunella vulgaris,0
Prunus americana,4
Prunus angustifolia,-1
Prunus armeniaca,-1
Prunus avium,-1
Prunus cerasus,-1
Prunus domestica,-1
Prunus glandulosa,-1
Prunus hortulana,-1
Prunus mahaleb,-1
Prunus nigra,4
Prunus pensylvanica,3
Prunus persica,-1
Prunus pumila,8
Prunus serotina,2
Prunus spinosa,-1
Prunus tomentosa,-1
Prunus umbellata,8
Prunus virginiana,2
Pseudognaphalium macounii,2
Pseudognaphalium micradenium,5
Pseudognaphalium obtusifolium,2
Pseudoroegneria spicata,10
Pseudotsuga menziesii,-1
Ptelea trifoliata,4
Pteridium aquilinum,0
Pterospora andromedea,10
Puccinellia distans,-1
Pueraria montana,-1
Puschkinia scilloides,-1
Pycnanthemum incanum,-1
Pycnanthemum muticum,10
Pycnanthemum pilosum,10
Pycnanthemum tenuifolium,6
Pycnanthemum verticillatum,10
Pycnanthemum virginianum,5
Pyracantha coccinea,-1
Pyrola americana,7
Pyrola asarifolia,8
Pyrola chlorantha,8
Pyrola elliptica,6
Pyrola minor,10
Pyrus calleryana,-1
Pyrus communis,-1
Pyrus cordata,-1
Quercus alba,5
Quercus bicolor,8
Quercus ellipsoidalis,4
Quercus imbricaria,5
Quercus macrocarpa,5
Quercus montana,-1
Quercus muehlenbergii,5
Quercus palustris,8
Quercus prinoides,7
Quercus rubra,5
Quercus shumardii,8
Quercus velutina,6
Ranunculus abortivus,0
Ranunculus acris,-1
Ranunculus ambigens,10
Ranunculus bulbosus,-1
Ranunculus fascicularis,10
Ranunculus flabellaris,10
Ranunculus gmelinii,10
Ranunculus hispidus,5
Ranunculus longirostris,4
Ranunculus macounii,10
Ranunculus pensylvanicus,6
Ranunculus recurvatus,5
Ranunculus repens,-1
Ranunculus reptans,8
Ranunculus rhomboideus,9
Ranunculus sardous,-1
Ranunculus sceleratus,1
Ranunculus trichophyllus,4
Raphanus raphanistrum,-1
Raphanus sativus,-1
Ratibida columnifera,-1
Ratibida pinnata,4
Reseda lutea,-1
Rhamnus alnifolia,8
Rhamnus cathartica,-1
Rhamnus davurica,-1
Rhamnus utilis,-1
Rhaponticum repens,-1
Rheum × hybridum,-1
Rhexia mariana,10
Rhexia virginica,9
Rhinanthus minor,-1
Rhododendron groenlandicum,8
Rhodotypos scandens,-1
Rhus aromatica,7
Rhus copallina,3
Rhus glabra,2
Rhus typhina,2
Rhynchospora alba,6
Rhynchospora capillacea,10
Rhynchospora capitellata,6
Rhynchospora fusca,7
Rhynchospora macrostachya,9
Rhynchospora nitens,10
Rhynchospora recognita,10
Rhynchospora scirpoides,10
Ribes alpinum,-1
Ribes americanum,6
Ribes cynosbati,4
Ribes glandulosum,5
Ribes hirtellum,6
Ribes hudsonianum,10
Ribes lacustre,6
Ribes missouriense,-1
Ribes nigrum,-1
Ribes odoratum,-1
Ribes oxyacanthoides,9
Ribes rubrum,-1
Ribes triste,6
Ricinus communis,-1
Robinia hispida,-1
Robinia pseudoacacia,-1
Robinia viscosa,-1
Rorippa aquatica,8
Rorippa curvipes,-1
Rorippa palustris,1
Rorippa sylvestris,-1
Rosa acicularis,4
Rosa arkansana,4
Rosa blanda,3
Rosa canina,-1
Rosa carolina,4
Rosa centifolia,-1
Rosa cinnamomea,-1
Rosa gallica,-1
Rosa multiflora,-1
Rosa palustris,5
Rosa rubiginosa,-1
Rosa rugosa,-1
Rosa setigera,5
Rosa spinosissima,-1
Rosa villosa,-1
Rosa virginiana,-1
Rotala ramosior,8
Rubus acaulis,10
Rubus allegheniensis,1
Rubus bifrons,-1
Rubus caesius,-1
Rubus canadensis,2
Rubus flagellaris,1
Rubus hispidus,4
Rubus laciniatus,-1
Rubus occidentalis,1
Rubus odoratus,6
Rubus parviflorus,6
Rubus parvifolius,-1
Rubus pensilvanicus,2
Rubus phoenicolasius,-1
Rubus pubescens,4
Rubus setosus,3
Rubus strigosus,2
Rudbeckia fulgida,9
Rudbeckia hirta,1
Rudbeckia laciniata,6
Rudbeckia subtomentosa,5
Rudbeckia triloba,5
Ruellia humilis,8
Ruellia strepens,10
Rumex acetosa,-1
Rumex acetosella,-1
Rumex altissimus,2
Rumex conglomeratus,-1
Rumex crispus,-1
Rumex fueginus,5
Rumex longifolius,-1
Rumex obtusifolius,-1
Rumex occidentalis,8
Rumex orbiculatus,9
Rumex patientia,-1
Rumex thyrsiflorus,-1
Rumex triangulivalvis,1
Rumex verticillatus,7
Ruppia cirrhosa,10
Ruta graveolens,-1
Sabatia angularis,9
Sagina nodosa,10
Sagina procumbens,-1
Sagittaria brevirostra,10
Sagittaria cristata,9
Sagittaria cuneata,6
Sagittaria graminea,10
Sagittaria latifolia,4
Sagittaria montevidensis,8
Sagittaria rigida,6
Salicornia rubra,-1
Salix alba,-1
Salix amygdaloides,3
Salix atrocinerea,-1
Salix bebbiana,1
Salix candida,9
Salix cinerea,-1
Salix cordata,10
Salix discolor,1
Salix eriocephala,2
Salix euxina,-1
Salix exigua,1
Salix humilis,4
Salix lucida,3
Salix matsudana,-1
Salix myricoides,9
Salix nigra,5
Salix pedicellaris,8
Salix pellita,10
Salix pentandra,-1
Salix petiolaris,1
Salix planifolia,10
Salix purpurea,-1
Salix pyrifolia,8
Salix sericea,6
Salix serissima,8
Salix viminalis,-1
Salsola collina,-1
Salsola tragus,-1
Salvia azurea,-1
Salvia officinalis,-1
Salvia pratensis,-1
Salvia reflexa,-1
Sambucus canadensis,3
Sambucus racemosa,3
Samolus parviflorus,5
Sanguinaria canadensis,5
Sanguisorba canadensis,10
Sanicula canadensis,8
Sanicula marilandica,4
Sanicula odorata,2
Sanicula trifoliata,6
Saponaria ocymoides,-1
Saponaria officinalis,-1
Sarracenia purpurea,10
Sassafras albidum,5
Satureja hortensis,-1
Saururus cernuus,9
Saxifraga paniculata,10
Saxifraga tricuspidata,10
Sceptridium dissectum,5
Sceptridium multifidum,5
Sceptridium oneidense,7
Sceptridium rugulosum,6
Scheuchzeria palustris,10
Schizachne purpurascens,5
Schizachyrium scoparium,5
Schkuhria multiflora,-1
Schoenoplectiella hallii,10
Schoenoplectiella mucronata,-1
Schoenoplectiella purshiana,8
Schoenoplectiella smithii,8
Schoenoplectus acutus,5
Schoenoplectus americanus,10
Schoenoplectus pungens,5
Schoenoplectus subterminalis,8
Schoenoplectus tabernaemontani,4
Schoenoplectus torreyi,10
Scilla forbesii,-1
Scilla luciliae,-1
Scilla siberica,-1
Scirpus atrocinctus,5
Scirpus atrovirens,3
Scirpus cyperinus,5
Scirpus expansus,5
Scirpus georgianus,5
Scirpus hattorianus,3
Scirpus microcarpus,5
Scirpus pedicellatus,5
Scirpus pendulus,3
Scleranthus annuus,-1
Scleranthus perennis,-1
Scleria pauciflora,10
Scleria reticularis,10
Scleria triglomerata,10
Scleria verticillata,10
Sclerochloa dura,-1
Scorzoneroides autumnalis,-1
Scrophularia lanceolata,5
Scrophularia marilandica,5
Scutellaria elliptica,10
Scutellaria galericulata,5
Scutellaria incana,10
Scutellaria lateriflora,5
Scutellaria nervosa,10
Scutellaria ovata,10
Scutellaria parvula,9
Secale cereale,-1
Securigera varia,-1
Sedum acre,-1
Sedum album,-1
Sedum hispanicum,-1
Sedum sarmentosum,-1
Sedum sexangulare,-1
Sedum ternatum,-1
Selaginella eclipes,5
Selaginella rupestris,8
Selaginella selaginoides,10
Senecio sylvaticus,-1
Senecio vernalis,-1
Senecio viscosus,-1
Senecio vulgaris,-1
Senna hebecarpa,5
Senna tora,-1
Sericocarpus asteroides,-1
Sericocarpus linifolius,-1
Setaria faberi,-1
Setaria italica,-1
Setaria parviflora,-1
Setaria pumila,-1
Setaria verticillata,-1
Setaria viridis,-1
Shepherdia argentea,-1
Shepherdia canadensis,7
Sherardia arvensis,-1
Sibbaldiopsis tridentata,10
Sicyos angulatus,2
Sida hermaphrodita,-1
Sida spinosa,-1
Silene antirrhina,2
Silene chalcedonica,-1
Silene conica,-1
Silene coronaria,-1
Silene csereii,-1
Silene dichotoma,-1
Silene dioica,-1
Silene latifolia,-1
Silene nivea,10
Silene noctiflora,-1
Silene nutans,-1
Silene stellata,10
Silene virginica,10
Silene vulgaris,-1
Silphium integrifolium,10
Silphium laciniatum,9
Silphium perfoliatum,10
Silphium terebinthinaceum,6
Silybum marianum,-1
Sinapis alba,-1
Sinapis arvensis,-1
Sisymbrium altissimum,-1
Sisymbrium irio,-1
Sisymbrium loeselii,-1
Sisymbrium officinale,-1
Sisyrinchium albidum,7
Sisyrinchium angustifolium,4
Sisyrinchium atlanticum,9
Sisyrinchium campestre,-1
Sisyrinchium fuscatum,10
Sisyrinchium montanum,4
Sisyrinchium mucronatum,10
Sisyrinchium strictum,10
Sium suave,5
Smallanthus uvedalia,8
Smilax ecirrata,6
Smilax herbacea,8
Smilax hispida,5
Smilax illinoensis,4
Smilax lasioneura,5
Smilax rotundifolia,6
Solanum carolinense,-1
Solanum dulcamara,-1
Solanum lycopersicum,-1
Solanum physalifolium,-1
Solanum ptychanthum,1
Solanum rostratum,-1
Solanum triflorum,-1
Solanum tuberosum,-1
Solidago altissima,1
Solidago bicolor,8
Solidago caesia,6
Solidago canadensis,1
Solidago flexicaulis,6
Solidago gigantea,3
Solidago hispida,3
Solidago houghtonii,10
Solidago juncea,3
Solidago missouriensis,6
Solidago nemoralis,2
Solidago ohioensis,8
Solidago patula,6
Solidago ptarmicoides,6
Solidago riddellii,6
Solidago rigida,5
Solidago rugosa,3
Solidago sempervirens,-1
Solidago simplex,10
Solidago speciosa,5
Solidago uliginosa,4
Solidago ulmifolia,5
Solidago vossii,10
Sonchus arvensis,-1
Sonchus asper,-1
Sonchus oleraceus,-1
Sorbaria sorbifolia,-1
Sorbus americana,4
Sorbus aucuparia,-1
Sorbus decora,4
Sorghastrum nutans,6
Sorghum bicolor,-1
Sorghum halepense,-1
Sparganium americanum,6
Sparganium androcladum,6
Sparganium angustifolium,10
Sparganium emersum,6
Sparganium eurycarpum,5
Sparganium fluctuans,10
Sparganium natans,8
Spartina gracilis,-1
Spartina patens,-1
Spartina pectinata,5
Spergula arvensis,-1
Spergularia marina,-1
Spergularia media,-1
Spergularia rubra,-1
Spermolepis inermis,-1
Sphenopholis intermedia,4
Sphenopholis nitida,8
Sphenopholis obtusata,8
Spinulum annotinum,5
Spinulum canadense,6
Spiraea × vanhouttei,-1
Spiraea alba,4
Spiraea japonica,-1
Spiraea nipponica,-1
Spiraea prunifolia,-1
Spiraea salicifolia,-1
Spiraea tomentosa,5
Spiranthes casei,8
Spiranthes cernua,4
Spiranthes lacera,8
Spiranthes lucida,7
Spiranthes magnicamporum,9
Spiranthes ochroleuca,8
Spiranthes ovalis,9
Spiranthes romanzoffiana,8
Spiranthes tuberosa,10
Spirodela polyrhiza,6
Sporobolus clandestinus,9
Sporobolus compositus,-1
Sporobolus cryptandrus,3
Sporobolus heterolepis,10
Sporobolus indicus,-1
Sporobolus neglectus,2
Sporobolus vaginiflorus,2
Stachys arenicola,5
Stachys aspera,5
Stachys byzantina,-1
Stachys hispida,5
Stachys hyssopifolia,10
Stachys officinalis,-1
Stachys palustris,-1
Stachys pilosa,5
Stachys tenuifolia,5
Staphylea trifolia,9
Stellaria borealis,10
Stellaria crassifolia,10
Stellaria graminea,-1
Stellaria longifolia,5
Stellaria longipes,10
Stellaria media,-1
Stellaria pallida,-1
Stenanthium gramineum,-1
Stenaria nigricans,8
Streptopus amplexifolius,8
Streptopus lanceolatus,5
Strophostyles helvula,8
Stuckenia filiformis,7
Stuckenia pectinata,3
Stylophorum diphyllum,10
Suaeda calceoliformis,-1
Subularia aquatica,10
Succisella inflexa,-1
Symphoricarpos albus var. albus,5
Symphoricarpos albus var. laevigatus,-1
Symphoricarpos occidentalis,-1
Symphoricarpos orbiculatus,-1
Symphyotrichum boreale,9
Symphyotrichum ciliatum,-1
Symphyotrichum ciliolatum,4
Symphyotrichum cordifolium,4
Symphyotrichum drummondii,5
Symphyotrichum dumosum,7
Symphyotrichum ericoides,3
Symphyotrichum firmum,4
Symphyotrichum laeve,5
Symphyotrichum lanceolatum,2
Symphyotrichum lateriflorum,2
Symphyotrichum novae-angliae,3
Symphyotrichum ontarionis,6
Symphyotrichum oolentangiense,4
Symphyotrichum pilosum,1
Symphyotrichum praealtum,6
Symphyotrichum puniceum,5
Symphyotrichum robynsianum,9
Symphyotrichum sericeum,10
Symphyotrichum shortii,5
Symphyotrichum subulatum,-1
Symphyotrichum urophyllum,2
Symphytum asperum,-1
Symphytum officinale,-1
Symplocarpus foetidus,6
Syringa × henryi,-1
Syringa reticulata,-1
Syringa vulgaris,-1
Taenidia integerrima,8
Tamarix parviflora,-1
Tamarix ramossissima,-1
Tanacetum balsamita,-1
Tanacetum bipinnatum,10
Tanacetum coccineum,-1
Tanacetum parthenium,-1
Tanacetum vulgare,-1
Taraxacum erythrospermum,-1
Taraxacum officinale,-1
Taraxacum palustre,-1
Tarenaya hassleriana,-1
Taxodium distichum,-1
Taxus canadensis,5
Taxus cuspidata,-1
Teesdalia nudicaulis,-1
Tephroseris palustris,10
Tephrosia virginiana,10
Tetraneuris herbacea,10
Teucrium canadense,4
Thalictrum dasycarpum,3
Thalictrum dioicum,6
Thalictrum pubescens,3
Thalictrum revolutum,9
Thalictrum thalictroides,8
Thalictrum venulosum,9
Thaspium chapmanii,10
Thaspium trifoliatum,8
Thelesperma megapotamicum,-1
Thelypteris noveboracensis,5
Thelypteris palustris,2
Thladiantha dubia,-1
Thlaspi arvense,-1
Thuja occidentalis,4
Thymus albidus,-1
Thymus pulegioides,-1
Tiarella cordifolia,9
Tilia americana,5
Tilia cordata,-1
Tilia tomentosa,-1
Tipularia discolor,10
Tofieldia pusilla,10
Torilis japonica,-1
Torilis nodosa,-1
Torreyochloa fernaldii,6
Torreyochloa pallida,7
Toxicodendron radicans,2
Toxicodendron rydbergii,3
Toxicodendron vernix,6
Trachyspermum ammi,-1
Tradescantia bracteata,10
Tradescantia ohiensis,5
Tradescantia virginiana,9
Tragopogon dubius,-1
Tragopogon porrifolius,-1
Tragopogon pratensis,-1
Triadenum fraseri,6
Triadenum virginicum,10
Triantha glutinosa,10
Tribulus terrestris,-1
Trichophorum alpinum,10
Trichophorum cespitosum,10
Trichophorum clintonii,10
Trichostema brachiatum,8
Trichostema dichotomum,8
Tridens flavus,3
Trientalis borealis,5
Trifolium arvense,-1
Trifolium aureum,-1
Trifolium campestre,-1
Trifolium depauperatum,-1
Trifolium dubium,-1
Trifolium fucatum,-1
Trifolium hybridum,-1
Trifolium incarnatum,-1
Trifolium pratense,-1
Trifolium repens,-1
Triglochin maritima,8
Triglochin palustris,8
Trillium cernuum,5
Trillium cuneatum,-1
Trillium erectum,7
Trillium flexipes,7
Trillium grandiflorum,5
Trillium luteum,-1
Trillium nivale,10
Trillium recurvatum,8
Trillium sessile,9
Trillium undulatum,10
Triodanis perfoliata,6
Triosteum aurantiacum,5
Triosteum perfoliatum,5
Triphora trianthophora,10
Tripidium ravennae,-1
Triplasis purpurea,6
Tripleurospermum inodorum,-1
Tripsacum dactyloides,-1
Trisetum spicatum,10
Triticum aestivum,-1
Tsuga canadensis,5
Tulipa gesneriana,-1
Turritis glabra,3
Tussilago farfara,-1
Typha angustifolia,-1
Typha latifolia,1
Ulmus americana,1
Ulmus glabra,-1
Ulmus pumila,-1
Ulmus rubra,2
Ulmus thomasii,4
Urtica dioica,1
Urtica urens,-1
Utricularia cornuta,10
Utricularia geminiscapa,8
Utricularia gibba,8
Utricularia intermedia,10
Utricularia minor,10
Utricularia ochroleuca,8
Utricularia purpurea,10
Utricularia radiata,10
Utricularia resupinata,10
Utricularia subulata,10
Utricularia vulgaris,6
Uvularia grandiflora,5
Uvularia sessilifolia,5
Vaccaria hispanica,-1
Vaccinium angustifolium,4
Vaccinium cespitosum,9
Vaccinium corymbosum,6
Vaccinium macrocarpon,8
Vaccinium membranaceum,8
Vaccinium myrtilloides,4
Vaccinium ovalifolium,9
Vaccinium oxycoccos,8
Vaccinium pallidum,7
Vaccinium uliginosum,10
Vaccinium vitis-idaea,10
Valeriana edulis,10
Valeriana officinalis,-1
Valeriana uliginosa,10
Valerianella chenopodiifolia,8
Valerianella locusta,-1
Valerianella umbilicata,8
Vallisneria americana,7
Verbascum blattaria,-1
Verbascum densiflorum,-1
Verbascum lychnitis,-1
Verbascum phlomoides,-1
Verbascum thapsus,-1
Verbena bracteata,-1
Verbena hastata,4
Verbena officinalis,-1
Verbena simplex,6
Verbena stricta,-1
Verbena urticifolia,4
Verbesina alternifolia,4
Verbesina encelioides,-1
Vernonia fasciculata,-1
Vernonia gigantea,3
Vernonia missurica,4
Veronica anagallis-aquatica,4
Veronica arvensis,-1
Veronica austriaca,-1
Veronica beccabunga var. americana,10
Veronica beccabunga var. beccabunga,-1
Veronica chamaedrys,-1
Veronica dillenii,-1
Veronica filiformis,-1
Veronica hederifolia,-1
Veronica longifolia,-1
Veronica officinalis,-1
Veronica peregrina,0
Veronica persica,-1
Veronica polita,-1
Veronica scutellata,6
Veronica serpyllifolia,-1
Veronica verna,-1
Veronicastrum virginicum,8
Viburnum acerifolium,6
Viburnum cassinoides,6
Viburnum dentatum,6
Viburnum edule,10
Viburnum lantana,-1
Viburnum lentago,4
Viburnum opulus,-1
Viburnum plicatum,-1
Viburnum prunifolium,7
Viburnum rafinesquianum,5
Viburnum sieboldii,-1
Viburnum trilobum,5
Vicia americana,5
Vicia caroliniana,8
Vicia cracca,-1
Vicia grandiflora,-1
Vicia hirsuta,-1
Vicia lathyroides,-1
Vicia sativa,-1
Vicia sepium,-1
Vicia tetrasperma,-1
Vicia villosa,-1
Vigna unguiculata,-1
Vinca major,-1
Vinca minor,-1
Vincetoxicum nigrum,-1
Vincetoxicum rossicum,-1
Viola adunca,4
Viola affinis,2
Viola arvensis,-1
Viola blanda,5
Viola canadensis,5
Viola cucullata,5
Viola epipsila,10
Viola labradorica,3
Viola lanceolata,8
Viola macloskeyi,6
Viola nephrophylla,8
Viola novae-angliae,10
Viola odorata,-1
Viola palmata,5
Viola pedata,9
Viola pedatifida,10
Viola primulifolia,5
Viola pubescens,4
Viola renifolia,6
Viola rostrata,6
Viola rotundifolia,10
Viola sagittata,8
Viola selkirkii,7
Viola sororia,1
Viola striata,5
Viola tricolor,-1
Vitis aestivalis,6
Vitis labrusca,7
Vitis riparia,3
Vitis vulpina,8
Wisteria frutescens,9
Wisteria sinensis,-1
Wolffia borealis,5
Wolffia brasiliensis,10
Wolffia columbiana,5
Wolffiella gladiata,10
Woodsia alpina,10
Woodsia ilvensis,10
Woodsia obtusa,10
Woodsia oregana,10
Woodwardia areolata,10
Woodwardia virginica,10
Xanthium spinosum,-1
Xanthium strumarium,-1
Xyris difformis,8
Xyris montana,10
Xyris torta,10
Yucca filamentosa,-1
Yucca flaccida,-1
Zannichellia palustris,6
Zanthoxylum americanum,3
Zea mays,-1
Zizania aquatica,9
Zizania palustris,8
Zizia aptera,9
Zizia aurea,6
